level	group	children	het_ancestry_fraction	hap_err_rephased	hap_err_gnofix	hap_err_gnofix_on_truth	hap_err_hetanc_rephased	hap_err_hetanc_gnofix	hap_err_hetanc_gnofix_on_truth	hap_err_continental_rephased	hap_err_continental_gnofix	hap_err_continental_gnofix_on_truth	dip_err_rephased	dip_err_gnofix	dip_err_gnofix_on_truth	switch_errors_rephased	switch_errors_gnofix	switch_errors_gnofix_on_truth	SER_rephased	SER_gnofix	phase_acc_1cM_rephased	phase_acc_1cM_gnofix	phase_acc_1cM_gnofix_on_truth	phase_acc_1cM_hetanc_rephased	phase_acc_1cM_hetanc_gnofix	phase_acc_5cM_rephased	phase_acc_5cM_gnofix	phase_acc_5cM_gnofix_on_truth	phase_acc_5cM_hetanc_rephased	phase_acc_5cM_hetanc_gnofix	phase_acc_10cM_rephased	phase_acc_10cM_gnofix	phase_acc_10cM_gnofix_on_truth	phase_acc_10cM_hetanc_rephased	phase_acc_10cM_hetanc_gnofix	phase_acc_20cM_rephased	phase_acc_20cM_gnofix	phase_acc_20cM_gnofix_on_truth	phase_acc_20cM_hetanc_rephased	phase_acc_20cM_hetanc_gnofix	p_continental_err_improves	p_hap_err_improves	p_10cM_phase_hetanc_improves	p_switch_improves	gnofix
group	AFR-American	33	0.2838	0.11144	0.064552	0.05377	0.36296	0.18888	0.14988	0.089653	0.042347	0.035813	0.066364	0.047006	0.025022	922.24	954.97	17.424	0.0035174	0.0036422	0.77289	0.77675	0.9708	0.788	0.8362	0.56504	0.60597	0.90933	0.58223	0.74077	0.51553	0.55755	0.84763	0.52786	0.65839	0.50042	0.52808	0.74944	0.50063	0.58427	3.897e-07	5.1231e-07	0.0010908	1	True
population	ACB	20	0.21834	0.07737	0.038022	0.033347	0.33544	0.15292	0.11355	0.064518	0.02667	0.024071	0.0415	0.027989	0.012337	849.15	870.15	11.55	0.0032331	0.003313	0.78153	0.78292	0.97941	0.80506	0.85629	0.57114	0.60093	0.93053	0.62404	0.74577	0.52237	0.55225	0.88311	0.54896	0.65952	0.49599	0.52985	0.78886	0.54089	0.57533	4.7684e-06	4.7684e-06	0.031861	1	True
population	ASW	13	0.3845	0.16385	0.10537	0.085192	0.4053	0.2442	0.20576	0.12832	0.066464	0.053879	0.10462	0.076264	0.044537	1034.7	1085.5	26.462	0.0039566	0.0041508	0.75959	0.76725	0.95754	0.76582	0.81008	0.55567	0.61369	0.87677	0.53379	0.73497	0.50507	0.56565	0.79332	0.50538	0.65719	0.50721	0.52536	0.68899	0.46499	0.59218	0.00012207	0.00024414	0.010742	1	True
group	AMR	137	0.55474	0.22898	0.21181	0.19438	0.37787	0.3	0.26143	0.15393	0.11452	0.10435	0.18114	0.16367	0.11956	698.04	790.01	70.153	0.0034083	0.0038573	0.76811	0.73359	0.907	0.80219	0.79052	0.60072	0.61949	0.78887	0.6096	0.68592	0.554	0.57547	0.70949	0.5532	0.62121	0.52535	0.53206	0.63855	0.53156	0.56091	3.7856e-16	0.00084197	4.2216e-10	1	True
population	PEL	35	0.33012	0.13181	0.079668	0.069087	0.36639	0.20211	0.15018	0.1139	0.06154	0.055106	0.12531	0.070976	0.02768	866.4	901.66	16.457	0.0047125	0.0049043	0.65543	0.67101	0.97559	0.74087	0.78408	0.51341	0.59119	0.92534	0.5317	0.72514	0.50952	0.56322	0.8767	0.5194	0.67389	0.50057	0.5268	0.80955	0.51265	0.60451	2.3902e-07	2.3902e-07	4.0624e-07	1	True
population	MXL	32	0.60221	0.24803	0.21789	0.18834	0.39147	0.3181	0.2549	0.18439	0.13811	0.12042	0.20394	0.15885	0.10143	773.03	862.88	57.219	0.0037895	0.00423	0.74213	0.72503	0.92169	0.77955	0.78971	0.58894	0.63449	0.80671	0.59657	0.69289	0.5613	0.59646	0.72692	0.56379	0.64087	0.55085	0.53975	0.64695	0.56402	0.5672	0.00035653	0.01242	0.0057365	1	True
population	CLM	35	0.66208	0.27997	0.27997	0.26106	0.38744	0.34511	0.31999	0.18077	0.14564	0.1362	0.20685	0.20868	0.16702	581.43	694.37	96.171	0.0027422	0.0032749	0.8282	0.77002	0.8725	0.8317	0.79429	0.63345	0.62931	0.7211	0.62662	0.67048	0.56499	0.57639	0.62697	0.54614	0.60218	0.52082	0.53337	0.55267	0.51661	0.55249	1.7071e-05	0.64681	0.00024264	1	True
population	PUR	35	0.6286	0.25773	0.27023	0.25852	0.36734	0.33623	0.32011	0.13926	0.1148	0.10704	0.19042	0.21577	0.18055	577.71	707.37	109.66	0.0026346	0.0032258	0.84463	0.76767	0.85937	0.84456	0.79293	0.66616	0.62429	0.70372	0.66196	0.66605	0.58088	0.56767	0.60859	0.57414	0.58834	0.53137	0.52897	0.54538	0.53116	0.53843	0.00070174	0.94015	0.30009	1	True
group	AFR	168	0.0073583	0.0022587	0.0018244	0.001057	0.14953	0.14724	0.088205	0.0019489	0.0014193	0.00085567	0.0031114	0.0026433	0.00096006	834.7	836.7	1.6845	0.003196	0.0032037	0.75225	0.75081	0.99544	0.70969	0.70673	0.55012	0.5506	0.98813	0.57822	0.6841	0.51475	0.51588	0.98035	0.56646	0.66659	0.50883	0.50955	0.96335	0.58182	0.61927	0.00092726	0.077751	0.067771	1	False
group	EUR	107	0.32968	0.16892	0.19588	0.17585	0.37375	0.31126	0.26751	0.0022985	0.0020674	0.0015996	0.21874	0.23581	0.19062	733.82	862.8	124.36	0.0036499	0.0042914	0.70798	0.63988	0.84309	0.67284	0.59672	0.5206	0.51781	0.7129	0.51852	0.52464	0.50358	0.50148	0.65086	0.49891	0.50785	0.5023	0.50088	0.59247	0.50429	0.50002	0.57377	1	0.16765	1	False
group	EAS	72	0.011322	0.0037419	0.002773	0.0015847	0.17617	0.1657	0.050809	0.0037201	0.002755	0.0015798	0.0042402	0.0035757	0.00051209	1017.4	1019.4	1.5139	0.0054743	0.005485	0.64517	0.64527	0.99726	0.63903	0.70049	0.55233	0.55196	0.99088	0.5568	0.61986	0.53304	0.53145	0.9852	0.54126	0.59819	0.52276	0.52258	0.97427	0.4903	0.52928	0.0021948	0.0030393	0.078906	1	False
group	SAS	86	0.28372	0.1442	0.15061	0.13957	0.38943	0.35196	0.29561	0.13939	0.14513	0.1351	0.17548	0.17458	0.12991	1013.9	1088.5	70.047	0.0049557	0.0053201	0.66367	0.6351	0.89063	0.6391	0.6118	0.52545	0.52327	0.75632	0.51003	0.52513	0.5145	0.50779	0.68466	0.49926	0.51951	0.49936	0.50246	0.6129	0.50449	0.49094	0.99789	0.99926	0.035431	1	False
population	BEB	30	0.31984	0.15991	0.17091	0.16094	0.4067	0.38551	0.35056	0.15765	0.16721	0.15899	0.18956	0.18941	0.13784	1150.3	1233.3	77.533	0.0056198	0.0060251	0.61881	0.59686	0.87353	0.61579	0.61254	0.49545	0.49437	0.69911	0.49566	0.5086	0.50191	0.50015	0.61709	0.49845	0.51074	0.49521	0.49936	0.54773	0.50502	0.48174	0.99781	0.9994	0.25192	1	False
population	CEU	57	0.26429	0.12949	0.14492	0.11928	0.36272	0.2996	0.2311	0.00094489	0.00077219	0.00057778	0.17096	0.18013	0.1322	665.46	758	87.526	0.0033266	0.0037892	0.72268	0.67149	0.89015	0.67893	0.60521	0.52627	0.51904	0.78741	0.52937	0.52686	0.50924	0.50512	0.73459	0.49738	0.51277	0.50372	0.50306	0.66007	0.50023	0.50091	0.26148	0.99995	0.14806	1	False
population	CHS	51	0.0025039	0.00054081	0.00046088	4.9062e-05	0.13234	0.14158	0.030498	0.00053009	0.00044026	4.2092e-05	0.00097034	0.000901	9.8123e-05	995.78	996.33	0.4902	0.005364	0.0053669	0.65536	0.65571	0.99934	0.72355	0.84694	0.57364	0.57316	0.99776	0.8665	0.93888	0.54504	0.54469	0.99641	0.76206	0.85117	0.53153	0.53198	0.99271	0.8053	0.91589	0.64965	0.70319	1	0.99948	False
population	ESN	43	0.0015648	0.00035884	0.00045698	0.0002691	0.10813	0.1035	0.068288	8.5365e-05	7.6434e-05	1.1432e-05	0.00071375	0.00091396	0.0005382	646.53	647.3	0.88372	0.0024679	0.0024708	0.80656	0.80543	0.99683	0.75972	0.66826	0.57495	0.57448	0.99172	0.30686	0.30686	0.51362	0.51376	0.98782	0.31327	0.31327	0.51209	0.51411	0.97583	0.98904	0.98904	0.11246	0.74017	1	0.99999	False
population	GWD	58	0.0182	0.0055842	0.0043653	0.0025881	0.22799	0.20135	0.12032	0.005155	0.0037952	0.0023475	0.0074157	0.0059131	0.0020845	1076	1080.4	3.2241	0.0041404	0.0041571	0.68676	0.68509	0.99173	0.69932	0.71593	0.53011	0.53161	0.97678	0.58742	0.71386	0.50714	0.5101	0.96002	0.5755	0.68997	0.51018	0.5075	0.92791	0.57412	0.6276	0.002055	0.018549	0.070816	1	False
population	IBS	50	0.40423	0.21387	0.25396	0.24035	0.38632	0.32455	0.30902	0.0038416	0.003544	0.0027645	0.27322	0.29927	0.25721	811.76	982.28	166.36	0.0040145	0.0048578	0.69123	0.60384	0.78946	0.66653	0.58794	0.51415	0.51641	0.62802	0.50816	0.52252	0.49714	0.49734	0.55555	0.5003	0.50337	0.50067	0.49841	0.51548	0.5079	0.49923	0.7019	1	0.42534	1	False
population	KHV	21	0.032738	0.011516	0.0083883	0.0053142	0.28263	0.22427	0.10013	0.011467	0.0083766	0.0053142	0.012181	0.010071	0.0015174	1070	1075.5	4	0.0057412	0.0057708	0.62041	0.61991	0.99221	0.61858	0.66505	0.50055	0.50044	0.97417	0.52622	0.58836	0.50384	0.49924	0.95792	0.5273	0.5822	0.50148	0.49977	0.92955	0.46715	0.50088	0.00069837	0.00069837	0.15391	0.99986	False
population	MSL	11	0.00087878	0.000345	0.00033194	0.00010033	0.094852	0.096963	0.087804	0	0	0	0.00068504	0.00066387	0.00020066	920.09	920.73	0.90909	0.003494	0.0034965	0.75976	0.75891	0.9982	0.91576	0.7936	0.57094	0.56938	0.99644	0.88868	0.36468	0.53166	0.53283	0.99396	0.031513	0.62605	0.50124	0.5104	0.98798	0	0	1	0.44637	1	0.98078	False
population	PJL	42	0.33037	0.1709	0.17489	0.16258	0.40618	0.33866	0.2984	0.16305	0.16655	0.15502	0.20924	0.20592	0.15776	950.24	1037.1	81.167	0.0046603	0.0050862	0.6795	0.64155	0.87761	0.64347	0.60649	0.52986	0.53273	0.74004	0.5115	0.53224	0.51829	0.51154	0.66553	0.5001	0.5219	0.49958	0.50473	0.59305	0.50501	0.4943	0.87882	0.89327	0.045109	1	False
population	STU	10	0.049181	0.021701	0.022289	0.012375	0.30902	0.33528	0.14778	0.021107	0.022045	0.012324	0.032449	0.033207	0.014332	879.1	889.2	14.1	0.0042455	0.0042943	0.73648	0.72312	0.97411	0.71009	0.64151	0.59542	0.57386	0.9399	0.57109	0.59093	0.53292	0.52161	0.90349	0.52445	0.56922	0.50877	0.50141	0.82964	0.51591	0.55035	0.8125	0.75391	0.24609	1	False
population	YRI	56	0.0018511	0.00064923	0.00053592	0.00026409	0.1108	0.13464	0.070315	0.00044196	0.0002685	0.00012688	0.00097119	0.00097333	0.00026853	712.46	713.27	0.85714	0.0027249	0.002728	0.77689	0.77535	0.99767	0.71142	0.66325	0.54769	0.54825	0.9955	0.51177	0.40021	0.52017	0.52012	0.99299	0.60866	0.44978	0.50644	0.50801	0.98555	0.70993	0.3353	0.36766	0.53207	1	0.99987	False
